Fingerprint,Name
"[[[-1 -1 -1 ... -1 -1 -1]
  [-1 -1 -1 ... -1 -1 -1]
  [-1  1 -1 ... -1 -1 -1]
  ...
  [ 1  1  1 ...  1  1  1]
  [-1 -1 -1 ... -1 -1 -1]
  [-1 -1 -1 ... -1 -1 -1]]]",One_For_the_Road
"[[[-1 -1 -1 ... -1 -1 -1]
  [-1 -1 -1 ... -1 -1 -1]
  [-1 -1 -1 ... -1 -1 -1]
  ...
  [-1 -1 -1 ... -1 -1 -1]
  [-1 -1 -1 ... -1 -1 -1]
  [-1 -1 -1 ... -1 -1 -1]]]",king-and-lionheart
"[[[-1 -1 -1 ... -1 -1 -1]
  [-1 -1 -1 ... -1 -1 -1]
  [-1 -1 -1 ... -1 -1 -1]
  ...
  [-1 -1 -1 ... -1 -1 -1]
  [-1 -1 -1 ... -1 -1 -1]
  [-1 -1 -1 ... -1 -1 -1]]]",numb-bears
"[[[-1 -1 -1 ... -1 -1 -1]
  [-1 -1 -1 ... -1 -1 -1]
  [-1 -1 -1 ... -1 -1 -1]
  ...
  [-1 -1 -1 ... -1 -1 -1]
  [-1 -1 -1 ... -1 -1 -1]
  [-1 -1 -1 ... -1 -1 -1]]]",your-bones
"[[[-1 -1 -1 ... -1 -1 -1]
  [-1 -1 -1 ... -1 -1 -1]
  [-1 -1 -1 ... -1 -1 -1]
  ...
  [-1 -1 -1 ... -1 -1 -1]
  [-1 -1 -1 ... -1 -1 -1]
  [-1 -1 -1 ... -1 -1 -1]]]",six-weeks
"[[[-1 -1 -1 ... -1 -1 -1]
  [-1 -1 -1 ... -1 -1 -1]
  [-1 -1 -1 ... -1 -1 -1]
  ...
  [-1 -1 -1 ... -1 -1 -1]
  [-1 -1 -1 ... -1 -1 -1]
  [-1 -1 -1 ... -1 -1 -1]]]",sloom
"[[[-1 -1 -1 ... -1 -1 -1]
  [-1 -1 -1 ... -1 -1 -1]
  [-1 -1 -1 ... -1 -1 -1]
  ...
  [-1 -1 -1 ... -1 -1 -1]
  [-1 -1 -1 ... -1 -1 -1]
  [-1 -1 -1 ... -1 -1 -1]]]",little-talks
"[[[-1 -1 -1 ... -1 -1 -1]
  [-1 -1 -1 ... -1 -1 -1]
  [-1 -1 -1 ... -1 -1 -1]
  ...
  [-1 -1 -1 ... -1 -1 -1]
  [-1 -1 -1 ... -1 -1 -1]
  [-1 -1 -1 ... -1 -1 -1]]]",slow-and-steady
"[[[-1 -1 -1 ... -1 -1 -1]
  [-1 -1 -1 ... -1 -1 -1]
  [-1 -1 -1 ... -1 -1 -1]
  ...
  [ 1  1  1 ...  1  1  1]
  [-1 -1 -1 ... -1 -1 -1]
  [-1 -1 -1 ... -1 -1 -1]]]",Arabella
"[[[-1 -1 -1 ... -1 -1 -1]
  [-1 -1 -1 ... -1 -1 -1]
  [-1 -1 -1 ... -1 -1 -1]
  ...
  [-1 -1 -1 ... -1 -1 -1]
  [-1 -1 -1 ... -1 -1 -1]
  [-1 -1 -1 ... -1 -1 -1]]]",yellow-light
"[[[-1 -1 -1 ... -1 -1 -1]
  [-1 -1 -1 ... -1 -1 -1]
  [-1 -1 -1 ... -1 -1 -1]
  ...
  [-1  1  1 ...  1 -1 -1]
  [ 1  1  1 ...  1  1  1]
  [-1 -1 -1 ... -1 -1 -1]]]",Why_39_d_You_Only_Call_Me_When_You_39_re_High
"[[[-1 -1 -1 ... -1 -1 -1]
  [-1 -1 -1 ... -1 -1 -1]
  [-1 -1 -1 ... -1 -1 -1]
  ...
  [ 1  1  1 ...  1  1  1]
  [-1 -1 -1 ... -1 -1 -1]
  [-1 -1 -1 ... -1 -1 -1]]]",No_1_Party_Anthem
"[[[-1 -1 -1 ... -1 -1 -1]
  [-1 -1 -1 ... -1 -1 -1]
  [-1 -1 -1 ... -1 -1 -1]
  ...
  [ 1  1  1 ...  1  1  1]
  [ 1  1  1 ...  1  1  1]
  [-1 -1 -1 ... -1 -1 -1]]]",Fireside
"[[[-1 -1 -1 ... -1 -1 -1]
  [-1 -1 -1 ... -1 -1 -1]
  [-1 -1 -1 ... -1 -1 -1]
  ...
  [-1 -1 -1 ... -1 -1 -1]
  [-1 -1 -1 ... -1 -1 -1]
  [-1 -1 -1 ... -1 -1 -1]]]",from-finner
"[[[-1 -1 -1 ... -1 -1 -1]
  [-1 -1 -1 ... -1 -1 -1]
  [ 1  1 -1 ...  1  1  1]
  ...
  [ 1  1  1 ...  1  1  1]
  [-1 -1 -1 ... -1 -1 -1]
  [-1 -1 -1 ... -1 -1 -1]]]",R_U_Mine
"[[[-1 -1 -1 ... -1 -1 -1]
  [ 1  1  1 ...  1  1  1]
  [ 1  1  1 ...  1  1  1]
  ...
  [-1 -1 -1 ... -1 -1 -1]
  [-1 -1 -1 ... -1 -1 -1]
  [-1 -1 -1 ... -1 -1 -1]]]",K.O. (I AM PABLLO)
"[[[-1 -1 -1 ... -1 -1 -1]
  [-1 -1 -1 ... -1 -1 -1]
  [-1 -1 -1 ... -1 -1 -1]
  ...
  [ 1  1  1 ...  1  1  1]
  [ 1  1  1 ...  1  1  1]
  [-1 -1 -1 ... -1 -1 -1]]]",I_Want_It_All
"[[[-1 -1 -1 ... -1 -1 -1]
  [-1 -1 -1 ... -1 -1 -1]
  [-1 -1 -1 ... -1 -1 -1]
  ...
  [-1 -1 -1 ... -1 -1 -1]
  [-1 -1 -1 ... -1 -1 -1]
  [-1 -1 -1 ... -1 -1 -1]]]",dirty-paws
"[[[-1 -1 -1 ... -1 -1 -1]
  [-1 -1 -1 ... -1 -1 -1]
  [ 1  1  1 ...  1  1 -1]
  ...
  [-1 -1 -1 ... -1 -1 -1]
  [-1 -1 -1 ... -1 -1 -1]
  [-1 -1 -1 ... -1 -1 -1]]]",Rock You Like A Hurricane
"[[[-1 -1 -1 ... -1 -1 -1]
  [-1 -1 -1 ... -1 -1 -1]
  [-1 -1 -1 ... -1 -1 -1]
  ...
  [-1 -1 -1 ... -1 -1 -1]
  [-1 -1 -1 ... -1 -1 -1]
  [-1 -1 -1 ... -1 -1 -1]]]",Nocturne in CSharp Minor Posthumous
"[[[-1 -1 -1 ... -1 -1 -1]
  [-1 -1 -1 ... -1 -1 -1]
  [-1 -1 -1 ... -1 -1 -1]
  ...
  [-1 -1 -1 ... -1 -1 -1]
  [-1 -1 -1 ... -1 -1 -1]
  [-1 -1 -1 ... -1 -1 -1]]]",Mad_Sounds
"[[[-1 -1 -1 ... -1 -1 -1]
  [-1 -1 -1 ... -1 -1 -1]
  [ 1  1  1 ...  1  1  1]
  ...
  [-1 -1 -1 ... -1 -1 -1]
  [-1 -1 -1 ... -1 -1 -1]
  [-1 -1 -1 ... -1 -1 -1]]]",Do_I_Wanna_Know
"[[[-1 -1 -1 ... -1 -1 -1]
  [-1 -1 -1 ... -1 -1 -1]
  [-1 -1 -1 ... -1 -1 -1]
  ...
  [-1 -1 -1 ... -1 -1 -1]
  [-1 -1 -1 ... -1 -1 -1]
  [-1 -1 -1 ... -1 -1 -1]]]",águas de março - elis regina e tom jobim
"[[[-1 -1 -1 ... -1 -1 -1]
  [-1 -1 -1 ... -1 -1 -1]
  [ 1  1  1 ...  1  1  1]
  ...
  [ 1  1  1 ...  1  1  1]
  [ 1  1  1 ...  1  1  1]
  [-1 -1 -1 ... -1 -1 -1]]]",I_Wanna_Be_Yours
"[[[-1 -1 -1 ... -1 -1 -1]
  [-1 -1 -1 ... -1 -1 -1]
  [-1 -1 -1 ... -1 -1 -1]
  ...
  [-1 -1 -1 ... -1 -1 -1]
  [-1 -1 -1 ... -1 -1 -1]
  [-1 -1 -1 ... -1 -1 -1]]]",lakehouse
"[[[-1 -1 -1 ... -1 -1 -1]
  [-1 -1 -1 ... -1 -1 -1]
  [-1 -1 -1 ... -1 -1 -1]
  ...
  [-1 -1 -1 ... -1 -1 -1]
  [-1 -1 -1 ... -1 -1 -1]
  [-1 -1 -1 ... -1 -1 -1]]]",mountain-sound
"[[[-1 -1 -1 ... -1 -1 -1]
  [-1 -1 -1 ... -1 -1 -1]
  [ 1 -1  1 ... -1  1 -1]
  ...
  [-1 -1 -1 ... -1 -1 -1]
  [-1 -1 -1 ... -1 -1 -1]
  [-1 -1 -1 ... -1 -1 -1]]]",Knee_Socks
"[[[ 1 -1  1 ...  1  1 -1]
  [ 1 -1 -1 ... -1  1  1]
  [-1 -1 -1 ... -1 -1 -1]
  ...
  [ 1 -1 -1 ... -1  1  1]
  [ 1  1  1 ...  1  1  1]
  [ 1  1  1 ...  1  1  1]]]",lofi-hip-hop-11489
"[[[-1 -1 -1 ... -1 -1 -1]
  [-1 -1 -1 ... -1 -1 -1]
  [-1 -1 -1 ... -1 -1 -1]
  ...
  [-1 -1 -1 ... -1 -1 -1]
  [-1 -1 -1 ... -1 -1 -1]
  [-1 -1 -1 ... -1 -1 -1]]]",love-love-love
"[[[-1 -1 -1 ... -1 -1 -1]
  [ 1  1 -1 ...  1  1  1]
  [-1 -1 -1 ... -1 -1  1]
  ...
  [ 1  1  1 ...  1  1  1]
  [-1 -1 -1 ... -1 -1 -1]
  [-1 -1 -1 ... -1 -1 -1]]]",Snap_Out_of_It
